song_id,artist,title,status,skip_reason
1000-days__sally-sally,1000 Days,Sally Sally,skipped,no_original_lyrics
3oh-3__double-vision,3OH!3,Double Vision,partial,
5-seconds-of-summer__want-you-back,5 Seconds of Summer,Want You Back,partial,
60-cyclists__tokiboo,60 Cyclists,Tokiboo,skipped,no_original_lyrics
a-cursive-memory__everything,A Cursive Memory,Everything,partial,
an21-and-max-vangeli__real-people,AN21 and Max Vangeli,Real People,skipped,no_original_lyrics
abra-moore__big-sky,Abra Moore,Big Sky,partial,
acceptance__this-conversation-is-over,Acceptance,This Conversation Is Over,partial,
airborne-toxic-event__changing,Airborne Toxic Event,Changing,skipped,no_original_lyrics
all-time-low__time-bomb,All Time Low,Time-Bomb,skipped,no_original_lyrics
aly-aj__chemicals-react,Aly & AJ,Chemicals React,skipped,no_original_lyrics
audrye-sessions__turn-me-off,Audrye Sessions,Turn Me Off,skipped,no_original_lyrics
barenaked-ladies__easy,Barenaked Ladies,Easy,skipped,no_original_lyrics
barenaked-ladies__what-a-letdown,Barenaked Ladies,What A Letdown,skipped,no_original_lyrics
barenaked-ladies__wind-it-up,Barenaked Ladies,Wind It Up,skipped,no_original_lyrics
black-cards__dominoes,Black Cards,Dominoes,skipped,no_original_lyrics
black-eyed-peas__countdown,Black Eyed Peas,Countdown,skipped,no_original_lyrics
black-eyed-peas__friddy-dope,Black Eyed Peas,Friddy Dope,skipped,no_original_lyrics
black-eyed-peas__games,Black Eyed Peas,Games,skipped,no_original_lyrics
black-eyed-peas__jaba-dew-wah,Black Eyed Peas,Jaba Dew Wah,skipped,no_original_lyrics
black-eyed-peas__let-s-go,Black Eyed Peas,Let's Go,skipped,no_original_lyrics
black-eyed-peas__peace-with-love,Black Eyed Peas,Peace With Love,skipped,no_original_lyrics
black-eyed-peas__shut-uprah,Black Eyed Peas,Shut Uprah,skipped,no_original_lyrics
black-eyed-peas__steppin,Black Eyed Peas,Steppin,skipped,no_original_lyrics
bob-schneider__getting-better,Bob Schneider,Getting Better,skipped,no_original_lyrics
boombox-breakdown__simpatico,Boombox Breakdown,Simpatico,skipped,no_original_lyrics
brazil__candles-cast-long-shadows,Brazil,Candles (Cast Long Shadows),skipped,no_original_lyrics
bring-the-kids-out__it-wouldn-t-be-so-bad,Bring The Kids Out,It Wouldn't Be So Bad,skipped,no_original_lyrics
bring-the-kids-out__touch-and-go,Bring The Kids Out,Touch and Go,skipped,no_original_lyrics
broken-heart-college__na-na-na,Broken Heart College,Na Na Na,skipped,no_original_lyrics
bryan-rice__there-for-you,Bryan Rice,There for You,skipped,no_original_lyrics
caitlin-hart__is-she-better,Caitlin Hart,Is She Better,skipped,no_original_lyrics
cassie-steele__summer-nights,Cassie Steele,Summer Nights,skipped,no_original_lyrics
castaneda__radio,Castaneda,Radio,skipped,no_original_lyrics
charice__pyramid,Charice,Pyramid,skipped,no_original_lyrics
charlotte-martin__beautiful-life,Charlotte Martin,Beautiful Life,skipped,no_original_lyrics
chiddy-bang__here-we-go,Chiddy Bang,Here We Go,skipped,no_original_lyrics
chiodos__is-it-progression-if-a-cannibal-uses-a-fork,Chiodos,Is It Progression If a Cannibal Uses a Fork?,skipped,no_original_lyrics
chris-seifert__wavetrap,Chris Seifert,Wavetrap,skipped,simlish_original_no_english
chromeo__fancy-footwork,Chromeo,Fancy Footwork,skipped,no_original_lyrics
circa-survive__everyway,Circa Survive,Everyway,skipped,no_original_lyrics
cowboy-troy__i-play-chicken-with-the-train,Cowboy Troy,I Play Chicken with the Train,skipped,no_original_lyrics
crystal-paws__simfinity,Crystal Paws,Simfinity,skipped,no_original_lyrics
crystal-paws__temporal-tonic,Crystal Paws,Temporal Tonic,skipped,no_original_lyrics
cut-copy__future,Cut Copy,Future,skipped,no_original_lyrics
cut-copy__future_2,Cut Copy,Future,skipped,no_original_lyrics
daisy-dares-you__number-one-enemy,Daisy Dares You,Number One Enemy,skipped,no_original_lyrics
datarock__fa-fa-fa,Datarock,Fa-Fa-Fa,skipped,no_original_lyrics
dena-deadly__fortuzala,Dena Deadly,Fortuzala,skipped,simlish_original_no_english
depeche-mode__suffer-well,Depeche Mode,Suffer Well,skipped,no_original_lyrics
dexter-freebish__pretty-people,Dexter Freebish,Pretty People,skipped,no_original_lyrics
does-it-offend-you-yeah__battle-royale,"Does It Offend You, Yeah?",Battle Royale,skipped,no_original_lyrics
electrolightz__miss-outta-control,Electrolightz,Miss Outta Control,skipped,no_original_lyrics
eli-paperboy-reed__come-and-get-it,"Eli ""Paperboy"" Reed",Come And Get it,skipped,no_original_lyrics
eliza-doolittle__rollerblades,Eliza Doolittle,Rollerblades,skipped,no_original_lyrics
emanuel__anathamatics,Emanuel,Anathamatics,skipped,no_original_lyrics
epoxies__synthesized,Epoxies,Synthesized,skipped,no_original_lyrics
esmee-denters__outta-here,Esmee Denters,Outta Here,skipped,no_original_lyrics
evan-taubenfeld__pumpkin-pie,Evan Taubenfeld,Pumpkin Pie,skipped,no_original_lyrics
fefe-dobson__i-want-you,Fefe Dobson,I Want You,skipped,no_original_lyrics
finley__run-away,Finley,Run Away,skipped,no_original_lyrics
fire-flies__it-s-a-party,Fire Flies,It's A Party,skipped,no_original_lyrics
flyleaf__cassie,Flyleaf,Cassie,skipped,no_original_lyrics
foxy-shazam__unstoppable,Foxy Shazam,Unstoppable,skipped,no_original_lyrics
friday-night-boys__can-t-take-that-away,Friday Night Boys,Can't Take That Away,skipped,no_original_lyrics
fun-ft-janelle-monae__we-are-young,Fun ft. Janelle Monae,We Are Young,skipped,no_original_lyrics
gabriella-cilmi__sweet-about-me,Gabriella Cilmi,Sweet About Me,skipped,no_original_lyrics
ghostland-observatory__club-soda,Ghostland Observatory,Club Soda,skipped,no_original_lyrics
go-betty-go__very-very-rich-town,Go Betty Go,Very Very Rich Town,skipped,no_original_lyrics
good-charlotte__where-would-we-be-now,Good Charlotte,Where Would We Be Now,skipped,no_original_lyrics
government-mule__mr-high-and-mighty,Government Mule,Mr. High And Mighty,skipped,no_original_lyrics
grace-vanderwaal__moonlight,Grace VanderWaal,Moonlight,skipped,no_original_lyrics
great-northern__into-the-sun,Great Northern,Into The Sun,skipped,no_original_lyrics
hadag-nahash__lo-maspik,Hadag Nahash,Lo Maspik,skipped,no_original_lyrics
hadouken__m-a-d,Hadouken!,M.A.D.,skipped,no_original_lyrics
hal-linton__lock-my-heart-down,Hal Linton,Lock My Heart Down,skipped,no_original_lyrics
he-is-we__happily-ever-after,He Is We,Happily Ever After,skipped,no_original_lyrics
hot-chelle-rae__say,Hot Chelle Rae,Say,skipped,no_original_lyrics
hot-chip__colours,Hot Chip,Colours,skipped,no_original_lyrics
hot-chip__colours_2,Hot Chip,Colours,skipped,no_original_lyrics
hot-chip__so-glad-to-see-you,Hot Chip,So Glad To See You,skipped,no_original_lyrics
hot-chip__so-glad-to-see-you_2,Hot Chip,So Glad To See You,skipped,no_original_lyrics
howard-jones__things-can-only-get-better,Howard Jones,Things Can Only Get Better,skipped,no_original_lyrics
i-m-from-barcelona__britney,I'm From Barcelona,Britney,skipped,no_original_lyrics
isabelle-huang__hit-it,Isabelle Huang,Hit It,skipped,no_original_lyrics
j-greco__snatch,J Greco,Snatch,skipped,simlish_original_no_english
jacen-touchstone__glowstick,Jacen Touchstone,Glowstick,skipped,simlish_original_no_english
jacen-touchstone__glowstick-juice,Jacen Touchstone,Glowstick Juice,skipped,simlish_original_no_english
jacen-touchstone__indogoth,Jacen Touchstone,Indogoth,skipped,simlish_original_no_english
jacen-touchstone__tissy-wawa,Jacen Touchstone,Tissy Wawa,skipped,simlish_original_no_english
jacob-plant-featuring-annaca__reach-you,Jacob Plant featuring Annaca,Reach You,skipped,no_original_lyrics
janelle-monae__violet-stars-happy-hunting,Janelle Monáe,Violet Stars Happy Hunting!,skipped,no_original_lyrics
jasmine-villegas-a-k-a-jasmine-v__all-these-boys,Jasmine Villegas (A.K.A Jasmine V),All These Boys,skipped,no_original_lyrics
jason-derulo__don-t-wanna-go-home,Jason Derulo,Don't Wanna Go Home,skipped,no_original_lyrics
jeffery-stott__wiseguy,Jeffery Stott,Wiseguy,skipped,simlish_original_no_english
jem__crazy,Jem,Crazy,skipped,no_original_lyrics
jessi-malay__topsy-turvy,Jessi Malay,Topsy Turvy,skipped,no_original_lyrics
jessica-mauboy-feat-ludacris__saturday-night,Jessica Mauboy feat. Ludacris,Saturday Night,skipped,no_original_lyrics
jimmy-eat-world__movielike,Jimmy Eat World,Movielike,skipped,no_original_lyrics
joanna-j__unthinkable,Joanna J,Unthinkable,skipped,no_original_lyrics
john-cobbett__dee-bamow,John Cobbett,Dee Bamow,skipped,simlish_original_no_english
john-cobbett__gofuork-gofuork,John Cobbett,Gofuork! Gofuork!,skipped,simlish_original_no_english
john-cobbett__melinka,John Cobbett,Melinka,skipped,simlish_original_no_english
john-cobbett__na-na-lae,John Cobbett,Na Na Lae,skipped,simlish_original_no_english
john-cobbett__ze-fron,John Cobbett,Ze Fron,skipped,simlish_original_no_english
john-cobbett__zu-matan,John Cobbett,Zu Matan,skipped,simlish_original_no_english
junkie-xl__live-wired,Junkie XL,Live Wired,skipped,no_original_lyrics
junkie-xl-feat-electrocute__mad-pursuit,Junkie XL feat. Electrocute,Mad Pursuit,skipped,no_original_lyrics
kajagoogoo__too-shy,Kajagoogoo,Too Shy,skipped,no_original_lyrics
katie-melua__lights-go-out,Katie Melua,Lights Go Out,skipped,no_original_lyrics
katy-perry__hot-n-cold,Katy Perry,Hot 'N' Cold,aligned,
katy-perry__last-friday-night,Katy Perry,Last Friday Night,skipped,no_original_lyrics
kelis__brave,Kelis,Brave,skipped,no_original_lyrics
kelly-rowland__rose-colored-glasses,Kelly Rowland,Rose Colored Glasses,skipped,no_original_lyrics
kerli__tea-party,Kerli,Tea Party,skipped,no_original_lyrics
ki-theory__frozen,Ki: Theory,Frozen,skipped,no_original_lyrics
kidz-in-the-hall__flickin,Kidz In The Hall,Flickin',skipped,no_original_lyrics
king-fantastic__all-black-ying-yang-the-party-song,King Fantastic,All Black Ying Yang (The Party Song),skipped,no_original_lyrics
kisha__sowieso,Kisha,Sowieso,aligned,
krezip__can-t-you-be-mine,Krezip,Can't You be Mine,skipped,no_original_lyrics
kristen-dez__come-on-come-on,Kristen Dez,Come On Come On,skipped,no_original_lyrics
la-oreja-de-van-gogh__dulce-locura,La Oreja de Van Gogh,Dulce Locura,skipped,no_original_lyrics
lady-a__need-you-now,Lady A,Need You Now,skipped,no_original_lyrics
ladytron__ghosts,Ladytron,Ghosts,skipped,no_original_lyrics
lara__la-otra-princesa,Lara,La Otra Princesa,skipped,no_original_lyrics
lene-marlin__what-if,Lene Marlin,What If,skipped,no_original_lyrics
lexington-bridge__your-forgiveness,Lexington Bridge,Your Forgiveness,skipped,no_original_lyrics
lily-allen__smile,Lily Allen,Smile,aligned,
lola__mozdulj-mar-move-already,Lola,Mozdulj Már (Move Already),skipped,no_original_lyrics
luke-bryan__country-girl-shake-it-for-me,Luke Bryan,Country Girl (Shake It for Me),aligned,
machine-head__halo,Machine Head,Halo,skipped,no_original_lyrics
madina-lake__let-s-get-outta-here,Madina Lake,Let's Get Outta Here,skipped,no_original_lyrics
manchester-orchestra__i-ve-got-friends,Manchester Orchestra,I've Got Friends,skipped,no_original_lyrics
matmos__lathouse,Matmos,Lathouse,skipped,simlish_original_no_english
matt-kim__daylight,Matt & Kim,Daylight,skipped,no_original_lyrics
metalkpretty__wake-up-wake-up,MeTalkPretty,Wake Up! Wake Up!,skipped,no_original_lyrics
melanie-fiona__bang-bang,Melanie Fiona,Bang Bang,skipped,no_original_lyrics
mike-posner__cooler-than-me,Mike Posner,Cooler Than Me,skipped,no_original_lyrics
murder-by-death__as-long-as-there-is-whiskey-in-the-world,Murder By Death,As Long As There is Whiskey In The World,skipped,no_original_lyrics
music-orange__pop-one,Music Orange,Pop One,skipped,simlish_original_no_english
music-orange__techno-music,Music Orange,Techno Music,skipped,simlish_original_no_english
mxmtoon__prom-dress,Mxmtoon,Prom Dress,skipped,no_original_lyrics
my-chemical-romance__na-na-na,My Chemical Romance,Na Na Na,aligned,
natalie-portman-s-shaved-head__me-yr-daughter,Natalie Portman's Shaved Head,Me + Yr Daughter,skipped,no_original_lyrics
natasha-bedingfield__pocket-full-of-sunshine,Natasha Bedingfield,Pocket Full Of Sunshine,skipped,no_original_lyrics
nelly-furtado__manos-al-aire,Nelly Furtado,Manos Al Aire,skipped,no_original_lyrics
neon-trees__animal,Neon Trees,Animal,skipped,no_original_lyrics
nikki-rich__next-best-thing,Nikki & Rich,Next Best Thing,skipped,no_original_lyrics
ok-go__this-too-shall-pass,OK Go,This Too Shall Pass,skipped,no_original_lyrics
of-monsters-and-men__little-talks,Of Monsters And Men,Little Talks,partial,
old-97-s__early-morning,Old 97's,Early Morning,skipped,no_original_lyrics
overwerk__pressure,Overwerk,Pressure,partial,
parachute__kiss-me-slowly,Parachute,Kiss Me Slowly,skipped,no_original_lyrics
paramore__pressure,Paramore,Pressure,aligned,
patrick-stump__this-city,Patrick Stump,This City,skipped,no_original_lyrics
pixie-lott__mama-do,Pixie Lott,Mama Do,skipped,no_original_lyrics
plain-white-t-s__our-time-is-now,Plain White T's,Our Time 'Is' Now,skipped,no_original_lyrics
portugal-the-man__everything-you-see-kids-count-hallelujahs,Portugal. The Man,Everything You See (Kids Count Hallelujahs),skipped,no_original_lyrics
prescott__dixie-dixie-where-have-you-been-all-my-life,Prescott,Dixie Dixie Where Have You Been All My Life,skipped,no_original_lyrics
prescott__hurt-nobody,Prescott,Hurt Nobody,skipped,no_original_lyrics
radney-foster-and-the-confessions__until-it-s-gone,Radney Foster And The Confessions,Until It's Gone,skipped,no_original_lyrics
ralph-myerz-and-the-jack-herren-band__boombox-breakdown,Ralph Myerz and The Jack Herren Band,Boombox Breakdown,skipped,no_original_lyrics
ralph-myrez-and-the-jack-herren-band__wind-it-up,Ralph Myrez and the Jack Herren Band,Wind It Up,skipped,no_original_lyrics
ranetki-girls__ona-odna-she-s-alone,Ranetki Girls,Ona Odna (She's Alone),skipped,no_original_lyrics
rise-against__savior,Rise Against,Savior,skipped,no_original_lyrics
rod-abernathy__downjazz,Rod Abernathy,Downjazz,skipped,simlish_original_no_english
rod-abernathy__high-nrg,Rod Abernathy,High Nrg,skipped,simlish_original_no_english
roni__never-coming-back,Roni,Never Coming Back,skipped,no_original_lyrics
sandunes-ft-ramya-pothuri__ghosts,Sandunes ft. Ramya Pothuri,Ghosts,skipped,no_original_lyrics
saving-jane__girl-next-door,Saving Jane,Girl Next Door,skipped,no_original_lyrics
scary-kids-scaring-kids__snake-devil,Scary Kids Scaring Kids,Snake Devil,skipped,no_original_lyrics
shock-of-pleasure__this-is-a-test,Shock of Pleasure,This Is A Test,skipped,no_original_lyrics
skye-sweetnam__boyhunter,Skye Sweetnam,Boyhunter,skipped,no_original_lyrics
solidstate-deluxe__truly,SolidState Deluxe,Truly,skipped,no_original_lyrics
something-for-rockets__i-never-know,Something for Rockets,I Never Know,skipped,no_original_lyrics
soulja-boy__speakers-going-hammer,Soulja Boy,Speakers Going Hammer,skipped,no_original_lyrics
steadman__come-on,Steadman,Come On,skipped,no_original_lyrics
stefanie-heinzmann__no-one-can-ever-change-my-mind,Stefanie Heinzmann,No One (Can Ever Change My Mind),skipped,no_original_lyrics
stevie-q__cow-bay,Stevie Q,Cow Bay,skipped,no_original_lyrics
stevie-q__wonder-why,Stevie Q,Wonder Why,skipped,no_original_lyrics
stop-and-think__the-white-room,Stop and Think,The White Room,skipped,no_original_lyrics
sunny-day-sets-fire__brainless,Sunny Day Sets Fire,Brainless,skipped,no_original_lyrics
tally-hall__good-day,Tally Hall,Good Day,skipped,no_original_lyrics
tanaila__wow-wow-wow,Tanaila,Wow Wow Wow,skipped,no_original_lyrics
tata-young__zoom,Tata Young,Zoom,skipped,no_original_lyrics
the-acorn__restoration,The Acorn,Restoration,skipped,no_original_lyrics
the-breadbox-band__n,The Breadbox Band,N,skipped,no_original_lyrics
the-chris-mccarty-band__the-next-one,The Chris McCarty Band,The Next One,skipped,no_original_lyrics
the-comas__come-my-sunshine,The Comas,Come My Sunshine,skipped,no_original_lyrics
the-constellations__setback,The Constellations,Setback,skipped,no_original_lyrics
the-dawn-of-dar__moonbeam-beach,The Dawn of Dar,Moonbeam Beach,skipped,no_original_lyrics
the-dawn-of-dar__stardust-temple,The Dawn of Dar,Stardust Temple,skipped,no_original_lyrics
the-daylights__outsider,The Daylights,Outsider,skipped,no_original_lyrics
the-films__black-shoes,The Films,Black Shoes,skipped,no_original_lyrics
the-flaming-lips__free-radicals,The Flaming Lips,Free Radicals,skipped,no_original_lyrics
the-format__the-compromise,The Format,The Compromise,skipped,no_original_lyrics
the-netw0rk__topy-apa-ty,The Netw0rk,Topy Apa Ty,skipped,simlish_original_no_english
the-new-amsterdams__turn-out-the-light,The New Amsterdams,Turn Out the Light,skipped,no_original_lyrics
the-perishers__sway,The Perishers,Sway,skipped,no_original_lyrics
the-pussycat-dolls__don-t-cha,The Pussycat Dolls,Don't Cha,skipped,no_original_lyrics
the-ready-set__more-than-alive,The Ready Set,More Than Alive,skipped,no_original_lyrics
the-smokebreakers__baby-let-s-dance,The Smokebreakers,Baby Let's Dance,skipped,no_original_lyrics
the-string-cheese-incident__close-your-eyes,The String Cheese Incident,Close Your Eyes,skipped,no_original_lyrics
the-unicorn-hunter__into-the-crystal,The Unicorn Hunter,Into The Crystal,skipped,no_original_lyrics
the-unicorn-hunter__tears-of-the-dolphin-dream,The Unicorn Hunter,Tears of the Dolphin Dream,skipped,no_original_lyrics
the-veronicas__when-it-all-falls-apart,The Veronicas,When It All Falls Apart,skipped,no_original_lyrics
the-whip__divebomb,The Whip,Divebomb,skipped,no_original_lyrics
the-young-punx-vs-the-camden-choral-collective__in-the-bleak-midwinter,The Young Punx vs The Camden Choral Collective,In the Bleak Midwinter,aligned,
the-young-punx__juice-and-sim,The Young Punx!,Juice And Sim,skipped,no_original_lyrics
they-might-be-giants__take-out-the-trash,They Might Be Giants,Take Out The Trash,skipped,no_original_lyrics
toni-braxton__make-my-heart,Toni Braxton,Make My Heart,skipped,no_original_lyrics
touchstone__simpatico,Touchstone,Simpatico,skipped,no_original_lyrics
travie-mccoy__need-you,Travie McCoy,Need You,skipped,no_original_lyrics
uh-huh-her__not-a-love-song,Uh Huh Her,Not A Love Song,skipped,no_original_lyrics
v-v-brown__shark-in-the-water,V V Brown,Shark In The Water,skipped,no_original_lyrics
valhalla-von__another-solar-visitation,Valhalla Von,Another Solar Visitation,skipped,no_original_lyrics
valhalla-von__ashwagandha-air-cycle,Valhalla Von,Ashwagandha Air Cycle,skipped,no_original_lyrics
vanilla-sky__on-on,Vanilla Sky,On & On,skipped,no_original_lyrics
violent-soho__jesus-stole-my-girlfriend,Violent Soho,Jesus Stole My Girlfriend,skipped,no_original_lyrics
w-of-p3-aff__wubbas-doo,W of P3 Aff,Wubbas Doo,skipped,simlish_original_no_english
wainwright__can-t-believe-my-eyes,Wainwright,Can't Believe My Eyes,skipped,no_original_lyrics
west-end-girls__booglurbia,West End Girls,Booglurbia,skipped,simlish_original_no_english
yoasobi__harujion,YOASOBI,Harujion,skipped,no_original_lyrics
moe__blue-jeans-pizza,moe.,Blue Jeans Pizza,skipped,no_original_lyrics
